<?xml version="1.0" encoding="UTF-8"?>
<project-private xmlns="http://www.netbeans.org/ns/project-private/1">
    <editor-bookmarks xmlns="http://www.netbeans.org/ns/editor-bookmarks/2" lastBookmarkId="0"/>
    <open-files xmlns="http://www.netbeans.org/ns/projectui-open-files/2">
        <group>
            <file>file:/C:/Users/ignam/OneDrive/Documentos/SistemaVentas/src/Vista/Login.java</file>
            <file>file:/C:/Users/ignam/OneDrive/Documentos/SistemaVentas/src/Modelo/Proovedores.java</file>
            <file>file:/C:/Users/ignam/OneDrive/Documentos/SistemaVentas/src/Vista/Registro.java</file>
            <file>file:/C:/Users/ignam/OneDrive/Documentos/SistemaVentas/src/Modelo/Ventas.java</file>
            <file>file:/C:/Users/ignam/OneDrive/Documentos/SistemaVentas/src/Modelo/Compra.java</file>
            <file>file:/C:/Users/ignam/OneDrive/Documentos/SistemaVentas/src/Modelo/DetalleVenta.java</file>
            <file>file:/C:/Users/ignam/OneDrive/Documentos/SistemaVentas/src/Modelo/VentaDao.java</file>
            <file>file:/C:/Users/ignam/OneDrive/Documentos/SistemaVentas/src/Vista/Sistema.java</file>
            <file>file:/C:/Users/ignam/OneDrive/Documentos/SistemaVentas/src/Modelo/CompraDAO.java</file>
        </group>
    </open-files>
</project-private>
